Sur La Table,542
Le Creuset,98
Staub,94
Zwilling J.A. Henckels,84
All-Clad,83
OXO,68
Scanpan,63
Wüsthof,61
KitchenAid,54
Emile Henry,51
Breville,45
Cuisinart,43
Rösle,40
Global,38
Schott Zwiesel,34
Miyabi,33
Demeyere,32
Mauviel,26
Chef’n,25
Chilewich,25
GreenPan,23
Nordic Ware,22
Sur La Table by Urban Accents,21
Baked for Sur La Table,21
Fortessa,20
Sur La Table by Tovolo,19
Peugeot,19
USA Pan,18
Tovolo,17
Duralex,17
De’Longhi,16
John Boos &amp; Co.,16
JURA,16
Joseph Joseph,15
Revol,15
Lodge,14
Krups,13
Kuhn Rikon,12
Rowenta,11
Swissmar,11
Gaston’s Bakery,11
Hario,10
La Rochère,10
Epicurean,9
Wolf Gourmet,9
Zyliss,9
Shun,9
Capresso,9
W&amp;P,8
Nordic Ware for Sur La Table,7
Nielsen Massey,7
Vitamix,7
Microplane,6
Charcoal Companion,6
Chemex,6
Mason Cash,6
King Arthur Flour,6
Eppicotispai,5
Zojirushi,5
W&amp;P Design,5
Progressive,5
Fred,5
Dualit,5
Lodge Manufacturing Company,5
Tom Douglas for Sur La Table,5
Dubost,5
Lékué,4
PaperChef,4
Schott Zwiesel®,4
Chantal,4
Bodum,4
Lagostina,4
Victorinox Swiss Army,4
Paper Products,4
KitchenAid®,4
Metrokane,4
Coravin,4
Bürstenhaus Redecker,4
Demarle,4
Ballarini,4
Boska,4
Riedel,4
Cole &amp; Mason,4
Technivorm,4
Zoku,4
Crafthouse by Fortessa,4
Kitchen Grips,4
Taylor,4
J.K. Adams,4
Sur La Table by Bormioli Rocco,3
Gobel,3
John Boos &amp; Co,3
"Boyajian, Inc.",3
Sur La Table by Jo’s Candies,3
Wilton,3
Mosser,3
Sur La Table by King Arthur Flour,3
Fellow,3
"OXO International, Ltd.",3
Proteak Renewable Forestry,3
Urban Accents for Sur La Table,3
Üllo,3
Valrhona,3
Gaggia,3
Cole &amp; Mason Derwent,3
Stasher,3
Bormioli Rocco,3
Sur La Table by Baked,3
Lynk Professional,3
S’well,3
Silpat,3
Fissler,3
Geoffrey Zakarian Pro for Home,3
RSVP,3
La Creuset,2
Sur La Table by CDN,2
Baked by FireKing,2
"Stoughton Steel Co., Inc.",2
Chris Theofel Innovations,2
Philips,2
Chocolate Covered Company,2
Sugarfina,2
Urban Accents,2
Ateco,2
Chef di Cucina,2
Jo’s Candies,2
Corkcicle,2
Fusionbrands,2
Dexas,2
La Rochere,2
Oliso,2
illy,2
Dash,2
Best,2
Harold Imports,2
Espressione,2
Wine Enthusiast,2
Verve Culture,2
Bonavita,2
Instant Pot,2
Viking,2
Farberware,2
Frieling,2
Zojirushi American Corporation,2
Charbonnel et Walker,2
Sur La Table by Victoria Fine Foods,2
Able Brewing Equipment,2
Bialetti,2
Kikkerland,2
Prepara,2
Cuisipro,2
The Republic of Tea,2
Full Circle Home,2
Factoria Estense,2
Röle,2
iSi,2
BroilKing,2
AeroGrow,2
Ann Clark LTD,2
SMEG,2
Giuseppe Giusti,2
Mark Bitterman,2
Victrinox Swiss Army,1
Chef’s Planet,1
Fran’s Chocolates,1
"Brownie Points, Inc.",1
Tovolo for Sur La Table,1
Joseph Jospeh,1
Blockhouse,1
Bittermilk,1
Meori Market,1
Espro,1
Sur La Table by Escali,1
Sur La Table by Taylor,1
New Metro Design,1
This Little Goat,1
Kuvings,1
Creative Co-Op,1
Joyce Chen,1
"Airigan Solutions, LLC",1
KAI USA Ltd.,1
E-Cloth,1
Cloud Terre Studio,1
Lamonica’s,1
Astrea,1
Dubost Laguiole,1
Victorinox,1
Sur La Table and USA Pan,1
Fever-Tree,1
Polyscience,1
Chalk Ink,1
Rosle,1
J.A. Henckels International&lt;,1
Anchor Hocking,1
Talisman Designs,1
ThermoWorks,1
AeroGarden,1
Aerogarden,1
The Hampton Popcorn Company,1
ME Heuck,1
Aneto,1
Zeal,1
O Olive Oil,1
Nutiana,1
Sur La Tab le,1
"Able Brewing Equipment, Inc.",1
The Avocado Sock,1
Sonoma Syrup Inc.,1
Full circle,1
Studmuffin Desserts,1
Eades Appliance Technology,1
TofuXpress,1
Sur La Table by Lucero,1
ChefSteps,1
Aerobie,1
More Than Gourmet,1
Chef’sChoice,1
Amarena Fabbri,1
Clearbrook Farms,1
Now Designs,1
Atlas,1
Granite Ware,1
Harold Import Co.,1
Ferrum,1
Wusthof,1
Perfex,1
Zassenhaus,1
Edgecraft,1
Ann Clark,1
Fox Run,1
Northern Fish,1
Sur La Table by A Couple of Squares,1
Neilsen Massey,1
KtichenAid,1
Sur La Table by Sonoma Syrup Company,1
Arc International,1
Be Home,1
Pizzacraft,1
Marques de Griñon,1
Vinotemp,1
Vacu Vin,1
Taylor Precision Products,1
Caviar &amp; Caviar,1
Zenker,1
Ozeri,1
Weber,1
Lars Own,1
Knife Dock,1
Kashima Trading Co.,1
GEFU,1
Francis Francis,1
Boyajian Inc.,1
Lettieri &amp; Co.,1
Technivorm-Moccamaster,1
SodaStream,1
Brushtech,1
Boston International,1
Pyrex,1
Lucero,1
Hammond’s Candies,1
La Tourangelle,1
Kimberly,1
Cento Fine Foods,1
Seed + Mill,1
Brød &amp; Taylor,1
Aarke,1
Braun,1
E-cloth,1
Anchor Acquisition,1
Suck UK,1
Nuni,1
Acetaia Cattani,1
Wine Glass Writer,1
Bormioli,1
Marcato,1
Wabash Valley Farms Inc.,1
Lagrange,1
Global Amici,1
"Souper Products, LLC.",1
"Casachine Co., Ltd",1
Jack Rudy Cocktail Co.,1
Pommery,1
Oxo,1
Stojo,1
Ankarsrum,1
Sonoma Syrup,1
Just Jan’s for Sur La Table,1
McEvoy Ranch,1
Sur La Table®,1
Olo Food,1
Sur La Table by Pepper Creek Farms,1
Bee’s Wrap,1
Guittard,1
Technivorm Moccamaster,1
Kai Housewares,1
Bakelicious,1
Anova,1
Capabunga,1
Planetary Design,1
Transworld,1
Masterbuilt,1
"Gowanus Kitchen Lab, LLC",1
Bushwick Kitchen,1
Pizzacraft®,1
Callie’s Biscuits,1
Imusa,1
